{
  "best_global_step": 1000,
  "best_metric": 45.14787033878949,
  "best_model_checkpoint": "./results_lora\\checkpoint-1000",
  "epoch": 0.365296803652968,
  "eval_steps": 500,
  "global_step": 1000,
  "is_hyper_param_search": false,
  "is_local_process_zero": true,
  "is_world_process_zero": true,
  "log_history": [
    {
      "epoch": 0.182648401826484,
      "grad_norm": 15.312976837158203,
      "learning_rate": 3.0371272063298845e-05,
      "loss": 5.2063,
      "step": 500
    },
    {
      "epoch": 0.182648401826484,
      "eval_exact_match": 13.235572374645221,
      "eval_f1": 25.395772867917866,
      "eval_loss": 3.4460387229919434,
      "eval_runtime": 91.4298,
      "eval_samples_per_second": 115.608,
      "eval_steps_per_second": 3.62,
      "step": 500
    },
    {
      "epoch": 0.365296803652968,
      "grad_norm": 13.754339218139648,
      "learning_rate": 6.074254412659769e-05,
      "loss": 2.9721,
      "step": 1000
    },
    {
      "epoch": 0.365296803652968,
      "eval_exact_match": 30.368968779564803,
      "eval_f1": 45.14787033878949,
      "eval_loss": 2.3856377601623535,
      "eval_runtime": 88.1167,
      "eval_samples_per_second": 119.955,
      "eval_steps_per_second": 3.756,
      "step": 1000
    }
  ],
  "logging_steps": 500,
  "max_steps": 16428,
  "num_input_tokens_seen": 0,
  "num_train_epochs": 6,
  "save_steps": 1000,
  "stateful_callbacks": {
    "TrainerControl": {
      "args": {
        "should_epoch_stop": false,
        "should_evaluate": false,
        "should_log": false,
        "should_save": true,
        "should_training_stop": false
      },
      "attributes": {}
    }
  },
  "total_flos": 6314608705536000.0,
  "train_batch_size": 8,
  "trial_name": null,
  "trial_params": null
}
